Datetime,Water Level (m)
2025-02-17 18:00:00,-0.0037558766
2025-02-17 19:00:00,-0.0027094646
2025-02-17 20:00:00,-0.00056126673
2025-02-17 21:00:00,0.0015740197
2025-02-17 22:00:00,0.0014708671
2025-02-17 23:00:00,0.0006506387
2025-02-18 00:00:00,0.0004707876
2025-02-18 01:00:00,0.00039251763
2025-02-18 02:00:00,0.00035163327
2025-02-18 03:00:00,-0.0033964862
2025-02-18 04:00:00,-0.0056921584
2025-02-18 05:00:00,0.07089328
2025-02-18 06:00:00,0.06956491
2025-02-18 07:00:00,0.061293658
2025-02-18 08:00:00,0.5333417
2025-02-18 09:00:00,0.78747684
2025-02-18 10:00:00,0.686047
2025-02-18 11:00:00,0.6658902
2025-02-18 12:00:00,0.7054042
2025-02-18 13:00:00,0.6916616
2025-02-18 14:00:00,1.1059904
2025-02-18 15:00:00,1.1362535
2025-02-18 16:00:00,0.94427335
2025-02-18 17:00:00,0.9230722
2025-02-18 18:00:00,0.7905026
2025-02-18 19:00:00,0.65876263
2025-02-18 20:00:00,0.6096938
2025-02-18 21:00:00,1.1338475
2025-02-18 22:00:00,1.4175621
2025-02-18 23:00:00,1.4490185
2025-02-19 00:00:00,1.3888153
2025-02-19 01:00:00,1.3061353
2025-02-19 02:00:00,1.1691543
2025-02-19 03:00:00,0.99302983
2025-02-19 04:00:00,1.6037323
2025-02-19 05:00:00,1.0515243
2025-02-19 06:00:00,1.2427299
2025-02-19 07:00:00,1.2409098
2025-02-19 08:00:00,1.044966
2025-02-19 09:00:00,1.047954
2025-02-19 10:00:00,1.020823
2025-02-19 11:00:00,1.0637192
2025-02-19 12:00:00,1.5594629
2025-02-19 13:00:00,1.7003989
2025-02-19 14:00:00,1.557235
2025-02-19 15:00:00,1.4500009
2025-02-19 16:00:00,1.3739021
2025-02-19 17:00:00,1.2502856
2025-02-19 18:00:00,1.1089321
2025-02-19 19:00:00,1.0290866
2025-02-19 20:00:00,0.9981934
2025-02-19 21:00:00,0.9218388
2025-02-19 22:00:00,0.88852507
2025-02-19 23:00:00,0.9549724
2025-02-20 00:00:00,1.4103346
2025-02-20 01:00:00,1.5854287
2025-02-20 02:00:00,1.444801
2025-02-20 03:00:00,1.3294392
2025-02-20 04:00:00,1.0739101
2025-02-20 05:00:00,0.9918723
2025-02-20 06:00:00,0.8824335
2025-02-20 07:00:00,1.068285
2025-02-20 08:00:00,1.3389398
2025-02-20 09:00:00,1.1806133
2025-02-20 10:00:00,1.1904631
2025-02-20 11:00:00,1.1703889
2025-02-20 12:00:00,1.1522409
2025-02-20 13:00:00,1.1306044
2025-02-20 14:00:00,1.8668787
2025-02-20 15:00:00,1.358852
2025-02-20 16:00:00,1.2542937
2025-02-20 17:00:00,1.5812666
2025-02-20 18:00:00,1.0911514
2025-02-20 19:00:00,1.0584451
2025-02-20 20:00:00,0.93586916
2025-02-20 21:00:00,0.8044232
2025-02-20 22:00:00,1.1458141
2025-02-20 23:00:00,1.4078914
2025-02-21 00:00:00,1.3676213
2025-02-21 01:00:00,1.349861
2025-02-21 02:00:00,1.1871227
2025-02-21 03:00:00,1.0328662
2025-02-21 04:00:00,0.9048085
2025-02-21 05:00:00,1.3684694
2025-02-21 06:00:00,1.0771495
2025-02-21 07:00:00,1.0521997
2025-02-21 08:00:00,1.300886
2025-02-21 09:00:00,1.1773331
2025-02-21 10:00:00,1.0756929
2025-02-21 11:00:00,1.0266888
2025-02-21 12:00:00,1.0169687
2025-02-21 13:00:00,0.9764816
2025-02-21 14:00:00,1.3096879
2025-02-21 15:00:00,1.4801929
2025-02-21 16:00:00,1.3668598
2025-02-21 17:00:00,1.2496172
2025-02-21 18:00:00,1.003859
2025-02-21 19:00:00,0.97515154
2025-02-21 20:00:00,0.8644469
2025-02-21 21:00:00,1.0017047
2025-02-21 22:00:00,1.2008678
2025-02-21 23:00:00,1.2804093
2025-02-22 00:00:00,1.2600483
2025-02-22 01:00:00,1.1334047
2025-02-22 02:00:00,1.0492687
2025-02-22 03:00:00,0.9363375
2025-02-22 04:00:00,0.90582836
2025-02-22 05:00:00,1.2079626
2025-02-22 06:00:00,1.2456962
2025-02-22 07:00:00,1.0664126
2025-02-22 08:00:00,0.9471449
2025-02-22 09:00:00,0.89046746
2025-02-22 10:00:00,0.7846392
2025-02-22 11:00:00,0.72969306
2025-02-22 12:00:00,0.82047653
2025-02-22 13:00:00,1.2564076
2025-02-22 14:00:00,1.3814033
2025-02-22 15:00:00,1.339616
2025-02-22 16:00:00,1.3307663
2025-02-22 17:00:00,1.1506312
2025-02-22 18:00:00,1.01169
2025-02-22 19:00:00,0.89933425
2025-02-22 20:00:00,1.5726602
2025-02-22 21:00:00,1.085758
2025-02-22 22:00:00,0.9404273
2025-02-22 23:00:00,1.1067691
2025-02-23 00:00:00,0.91468894
2025-02-23 01:00:00,0.9543064
2025-02-23 02:00:00,0.85687363
2025-02-23 03:00:00,0.8426601
2025-02-23 04:00:00,0.81242913
2025-02-23 05:00:00,0.79664737
2025-02-23 06:00:00,1.1892538
2025-02-23 07:00:00,1.2247893
2025-02-23 08:00:00,1.0388813
2025-02-23 09:00:00,0.9817851
2025-02-23 10:00:00,0.8475906
2025-02-23 11:00:00,0.72290826
2025-02-23 12:00:00,0.67884874
2025-02-23 13:00:00,1.1724312
2025-02-23 14:00:00,1.2718678
2025-02-23 15:00:00,1.2477689
2025-02-23 16:00:00,1.3033655
2025-02-23 17:00:00,1.2282436
2025-02-23 18:00:00,1.173452
